<?xml version="1.0" encoding="UTF-8"?>
<!-- <!DOCTYPE beans PUBLIC "-//SPRING//DTD BEAN 2.0//EN" "http://www.springframework.org/dtd/spring-beans-2.0.dtd"> -->


<beans xmlns="http://www.springframework.org/schema/beans"
    xmlns:xsi="http://www.w3.org/2001/XMLSchema-instance"
    xmlns:aop="http://www.springframework.org/schema/aop"
    xmlns:context="http://www.springframework.org/schema/context"
    xsi:schemaLocation="http://www.springframework.org/schema/beans 
    http://www.springframework.org/schema/beans/spring-beans-4.0.xsd
    http://www.springframework.org/schema/context
    http://www.springframework.org/schema/context/spring-context.xsd">

	<bean id="users" class="com.ibm.training.Wallet_Spring.Dao">

		<!-- java.util.Map -->
		<property name="details">
			<list>
				<ref bean="Customer1"/>
				<ref bean="Customer2"/>
				<ref bean="Customer3"/>
				<ref bean="Customer4"/>
			</list>
		</property>
	</bean>
	<bean id="service" class="com.ibm.training.Wallet_Spring.TransactionDetails">
	<property name="dao" ref="users"></property>
	</bean>
	<bean id="Customer1" class="com.ibm.training.Wallet_Spring.CustomerDetails">
		<property name="name" value="Arwind" />
		<property name="accountNo" value="101" />
		<property name="balance" value="1000" />
	</bean>
	
	<bean id="Customer2" class="com.ibm.training.Wallet_Spring.CustomerDetails">
		<property name="name" value="Shivam" />
		<property name="accountNo" value="301" />
		<property name="balance" value="1000" />
	</bean>
	
	<bean id="Customer3" class="com.ibm.training.Wallet_Spring.CustomerDetails">
		<property name="name" value="Nitin" />
		<property name="accountNo" value="201" />
		<property name="balance" value="1000" />
	</bean>	

	<bean id="Customer4" class="com.ibm.training.Wallet_Spring.CustomerDetails">
		<property name="name" value="Rahul" />
		<property name="accountNo" value="401" />
		<property name="balance" value="1000" />
	</bean>

</beans>
